{
    "num_clases": 3,
    "estrategia": "ninguno",
    "features": [
        "IntensidadDolor",
        "DuracionDolor",
        "InasistenciaDolor",
        "Ruido/Luz",
        "Nauseas",
        "FrecuenciaDolor",
        "ActividadFisica",
        "Alteraciones",
        "DoloresSueno",
        "SomaticoMuscular",
        "AnimosParaActividades",
        "AntecedentesFamiliares",
        "SomaticoSensorial",
        "Autonomos",
        "Tension",
        "Gastrointestinales",
        "MoverRapidoLento",
        "Comportamiento",
        "DecaidoDeprimido",
        "NoDormirEn30Mins",
        "Respiratorio",
        "Insomio",
        "PocaConcentracion",
        "MuchoPocoApetito",
        "Cardiovascular",
        "Cansado",
        "Intelectual",
        "MuchoPocoSueno",
        "PensamientosSuicidas",
        "Ansioso"
    ],
    "pesos_crudos": {
        "IntensidadDolor": 0.5397689512167008,
        "DuracionDolor": 0.44811849780278623,
        "InasistenciaDolor": 0.39599071915598894,
        "Ruido/Luz": 0.4426876800636913,
        "Nauseas": 0.4270110644764957,
        "FrecuenciaDolor": 0.33791962583682383,
        "ActividadFisica": 0.3455587771595521,
        "Alteraciones": 0.34146400171730823,
        "DoloresSueno": 0.2591487579103428,
        "SomaticoMuscular": 0.25023359903676606,
        "AnimosParaActividades": 0.23396814283636586,
        "AntecedentesFamiliares": 0.29884469328426244,
        "SomaticoSensorial": 0.21819947715435048,
        "Autonomos": 0.20939322734178803,
        "Tension": 0.20796985841153756,
        "Gastrointestinales": 0.2009263968136091,
        "MoverRapidoLento": 0.19540600656404367,
        "Comportamiento": 0.1909816873271564,
        "DecaidoDeprimido": 0.20091605121713957,
        "NoDormirEn30Mins": 0.19349960838696692,
        "Respiratorio": 0.19165963297592448,
        "Insomio": 0.18569426566223807,
        "PocaConcentracion": 0.18619621209572107,
        "MuchoPocoApetito": 0.18115407228621946,
        "Cardiovascular": 0.17273051648802837,
        "Cansado": 0.17491785450341507,
        "Intelectual": 0.16986805905875374,
        "MuchoPocoSueno": 0.171471012186899,
        "PensamientosSuicidas": 0.16558071681875755,
        "Ansioso": 0.16795140498861164
    },
    "pesos_norm": {
        "IntensidadDolor": 0.07005227763900425,
        "DuracionDolor": 0.05815770127661803,
        "InasistenciaDolor": 0.05139245549091895,
        "Ruido/Luz": 0.05745287905368663,
        "Nauseas": 0.05541833700550335,
        "FrecuenciaDolor": 0.04385587462085424,
        "ActividadFisica": 0.04484729872589003,
        "Alteraciones": 0.04431587070376528,
        "DoloresSueno": 0.033632836231163976,
        "SomaticoMuscular": 0.03247580935290453,
        "AnimosParaActividades": 0.03036484641013599,
        "AntecedentesFamiliares": 0.038784652910662805,
        "SomaticoSensorial": 0.02831835791934152,
        "Autonomos": 0.027175465473532074,
        "Tension": 0.02699073785024089,
        "Gastrointestinales": 0.026076623530983462,
        "MoverRapidoLento": 0.025360176411217666,
        "Comportamiento": 0.024785979546341708,
        "DecaidoDeprimido": 0.026075280859096554,
        "NoDormirEn30Mins": 0.02511276030088001,
        "Respiratorio": 0.02487396466794717,
        "Insomio": 0.024099767548355473,
        "PocaConcentracion": 0.024164911145146285,
        "MuchoPocoApetito": 0.0235105323094728,
        "Cardiovascular": 0.022417306646617615,
        "Cansado": 0.02270118368252126,
        "Intelectual": 0.022045811283437907,
        "MuchoPocoSueno": 0.022253845697647965,
        "PensamientosSuicidas": 0.02148939156301374,
        "Ansioso": 0.021797064143097823
    },
    "target": "IndiceDolor"
}