{
  "0": {
    "umap": {
      "n_components": 5.0,
      "n_neighbors": 15.0,
      "min_dist": 0.1
    },
    "hdbscan": {
      "min_cluster_size": 15.0,
      "min_samples": 5.0,
      "cluster_selection_epsilon": 0.0
    },
    "metrics": {
      "n_clusters": 3,
      "n_outliers": 1,
      "outlier_pct": 0.8264462809917356,
      "silhouette": 0.10429380089044571,
      "dbcv": 0.29000718250455493,
      "score": 0.5799940505734054
    }
  },
  "1": {
    "umap": {
      "n_components": 5.0,
      "n_neighbors": 15.0,
      "min_dist": 0.0
    },
    "hdbscan": {
      "min_cluster_size": 10.0,
      "min_samples": 5.0,
      "cluster_selection_epsilon": 0.0
    },
    "metrics": {
      "n_clusters": 2,
      "n_outliers": 12,
      "outlier_pct": 4.597701149425287,
      "silhouette": 0.16479763388633728,
      "dbcv": 0.0016781170661440995,
      "score": 0.4461954896105577
    }
  },
  "2": {
    "umap": {
      "n_components": 5.0,
      "n_neighbors": 15.0,
      "min_dist": 0.0
    },
    "hdbscan": {
      "min_cluster_size": 10.0,
      "min_samples": 5.0,
      "cluster_selection_epsilon": 0.0
    },
    "metrics": {
      "n_clusters": 2,
      "n_outliers": 22,
      "outlier_pct": 19.298245614035086,
      "silhouette": 0.13748759031295776,
      "dbcv": 0.006191144130899947,
      "score": 0.4145031049712335
    }
  }
}